{
    "description": "sql word index",
    "component": "com.sap.system.python3Operator",
    "inports": null,
    "outports": [
        {
            "name": "log",
            "type": "string",
            "description": "Logging data"
        },
        {
            "name": "data",
            "type": "message",
            "description": "sql statement"
        }
    ],
    "config": {
        "$type": "http://sap.com/vflow/textanalysis.sql_word_index.configSchema.json",
        "script": "file://sql_word_index.py",
        "debug_mode": true,
        "language": "DE",
        "text_id_col": "TEXT_ID",
        "table_name": "WORD_TEXT",
        "type_limit_map": "LEX: 1, PROPN: 5, PER:2, ORG:2, LOC:2"
    },
    "tags": {
        "sdi_utils": "",
        "spacy": ""
    },
    "iconsrc": "sql_word_index.svg"
}