{
    "properties": {},
    "description": "Scrape Websites",
    "processes": {
        "readfile1": {
            "component": "com.sap.file.read",
            "metadata": {
                "label": "Spider.py",
                "x": 17,
                "y": 12,
                "height": 80,
                "width": 120,
                "config": {
                    "mode": "Once",
                    "connection": {
                        "configurationType": "Connection Management",
                        "connectionID": "S3_THH"
                    },
                    "path": "/textanalysis/onlinemedia/scrapy_files/onlinemedia/spiders/spider.py"
                }
            }
        },
        "readfile2": {
            "component": "com.sap.file.read",
            "metadata": {
                "label": "pipelines.py",
                "x": 17,
                "y": 132,
                "height": 80,
                "width": 120,
                "config": {
                    "mode": "Once",
                    "connection": {
                        "configurationType": "Connection Management",
                        "connectionID": "S3_THH"
                    },
                    "path": "/textanalysis/onlinemedia/scrapy_files/onlinemedia/pipelines.py"
                }
            }
        },
        "readfile3": {
            "component": "com.sap.file.read",
            "metadata": {
                "label": "items.py",
                "x": 17,
                "y": 252,
                "height": 80,
                "width": 120,
                "config": {
                    "mode": "Once",
                    "connection": {
                        "configurationType": "Connection Management",
                        "connectionID": "S3_THH"
                    },
                    "path": "/textanalysis/onlinemedia/scrapy_files/onlinemedia/items.py"
                }
            }
        },
        "readfile4": {
            "component": "com.sap.file.read",
            "metadata": {
                "label": "middleware.py",
                "x": 17,
                "y": 372,
                "height": 80,
                "width": 120,
                "config": {
                    "mode": "Once",
                    "connection": {
                        "configurationType": "Connection Management",
                        "connectionID": "S3_THH"
                    },
                    "path": "/textanalysis/onlinemedia/scrapy_files/onlinemedia/middlewares.py"
                }
            }
        },
        "readfile5": {
            "component": "com.sap.file.read",
            "metadata": {
                "label": "setting.py",
                "x": 17,
                "y": 492,
                "height": 80,
                "width": 120,
                "config": {
                    "mode": "Once",
                    "connection": {
                        "configurationType": "Connection Management",
                        "connectionID": "S3_THH"
                    },
                    "path": "/textanalysis/onlinemedia/scrapy_files/onlinemedia/settings.py"
                }
            }
        },
        "wiretap1": {
            "component": "com.sap.util.wiretap",
            "metadata": {
                "label": "Wiretap",
                "x": 402.99999809265137,
                "y": 192,
                "height": 80,
                "width": 120,
                "ui": "dynpath",
                "config": {}
            }
        },
        "12multiplexer1": {
            "component": "com.sap.system.multiplexer.1-2",
            "metadata": {
                "label": "1:2 Multiplexer",
                "x": 402.99999809265137,
                "y": 312,
                "height": 80,
                "width": 120,
                "extensible": true,
                "config": {},
                "additionalinports": [
                    {
                        "name": "input1",
                        "type": "message.DataFrame"
                    }
                ]
            }
        },
        "writefile1": {
            "component": "com.sap.file.write",
            "metadata": {
                "label": "online_docs",
                "x": 957.9999952316284,
                "y": 192,
                "height": 80,
                "width": 120,
                "config": {
                    "connection": {
                        "configurationType": "Connection Management",
                        "connectionID": "S3_THH"
                    },
                    "pathMode": "Static with placeholders",
                    "path": "/textanalysis/onlinemedia/online_docs_csv/<header:media>_<header:today_str>.json",
                    "mode": "Overwrite"
                }
            }
        },
        "tofile1": {
            "component": "com.sap.file.toFile",
            "metadata": {
                "label": "To File",
                "x": 807.4999961853027,
                "y": 207,
                "height": 50,
                "width": 50,
                "config": {}
            }
        },
        "scrapy2": {
            "component": "textanalysis.scrapy",
            "metadata": {
                "label": "scrapy",
                "x": 217.99999904632568,
                "y": 242,
                "height": 100,
                "width": 120,
                "extensible": true,
                "config": {
                    "spider": "Spiegel_spider,FAZ_spider, Sueddeutsche_spider, Elpais_spider, Elmundo_spider, Lefigaro_spider, Lemonde_spider",
                    "scrapy_dir": "/home/textanalysis/onlinemedia",
                    "debug_mode": true
                }
            }
        },
        "dftocsv1": {
            "component": "sdi_utils_operators.df_csv",
            "metadata": {
                "label": "DF to CSV",
                "x": 587.999997138977,
                "y": 312,
                "height": 80,
                "width": 120,
                "extensible": true,
                "config": {
                    "keyword_args": "None",
                    "select_columns": "text_id, date, media, url, rubric, title, num_characters"
                }
            }
        },
        "saphanaclient1": {
            "component": "com.sap.hana.client2",
            "metadata": {
                "label": "SAP HANA Client",
                "x": 772.9999961853027,
                "y": 297,
                "height": 80,
                "width": 120,
                "config": {
                    "connection": {
                        "configurationType": "Configuration Manager",
                        "connectionID": "EU_HANA"
                    },
                    "tableName": "\"DIPROJECTS\".\"DOC_METADATA\"",
                    "tableColumns": [
                        {
                            "name": "TEXT_ID",
                            "type": "BIGINT"
                        },
                        {
                            "name": "DATE",
                            "type": "DATE"
                        },
                        {
                            "name": "MEDIA",
                            "type": "NVARCHAR",
                            "size": 50
                        },
                        {
                            "name": "LANGUAGE",
                            "type": "NVARCHAR",
                            "size": 2
                        },
                        {
                            "name": "URL",
                            "type": "NVARCHAR",
                            "size": 255
                        },
                        {
                            "name": "RUBRIC",
                            "type": "NVARCHAR",
                            "size": 50
                        },
                        {
                            "name": "TITLE",
                            "type": "NVARCHAR",
                            "size": 255
                        },
                        {
                            "name": "NUM_CHARACTERS",
                            "type": "BIGINT"
                        }
                    ],
                    "csvHeader": "Use as schema",
                    "initTable": "None",
                    "insertMode": "UPSERT"
                }
            }
        },
        "gate2": {
            "component": "sdi_utils_operators.gate",
            "metadata": {
                "label": "Gate",
                "x": 1142.999994277954,
                "y": 237.50000023841858,
                "height": 80,
                "width": 120,
                "extensible": true,
                "config": {
                    "limit": 1000000000
                }
            }
        },
        "python3operator1": {
            "component": "com.sap.system.python3Operator",
            "metadata": {
                "label": "AND Gate",
                "x": 1327.9999933242798,
                "y": 252,
                "height": 80,
                "width": 120,
                "extensible": true,
                "config": {
                    "script": "\ndef on_input(data1, data2):\n    api.send(\"output\", 'end')\n\napi.set_port_callback([\"input1\", \"input2\"], on_input)\n\n"
                },
                "additionalinports": [
                    {
                        "name": "input1",
                        "type": "any.*"
                    },
                    {
                        "name": "input2",
                        "type": "any.*"
                    }
                ],
                "additionaloutports": [
                    {
                        "name": "output",
                        "type": "string"
                    }
                ]
            }
        },
        "gate1": {
            "component": "sdi_utils_operators.gate",
            "metadata": {
                "label": "Gate",
                "x": 957.9999952316284,
                "y": 312,
                "height": 80,
                "width": 120,
                "extensible": true,
                "config": {
                    "limit": 10000000
                }
            }
        },
        "graphterminator1": {
            "component": "com.sap.util.graphTerminator",
            "metadata": {
                "label": "Graph Terminator",
                "x": 1496.9999933242798,
                "y": 252,
                "height": 80,
                "width": 120,
                "config": {}
            }
        },
        "dftojson1": {
            "component": "sdi_utils_operators.df_json",
            "metadata": {
                "label": "df to json",
                "x": 588,
                "y": 192,
                "height": 80,
                "width": 120,
                "extensible": true,
                "config": {}
            }
        }
    },
    "groups": [],
    "connections": [
        {
            "metadata": {
                "points": "861.4999961853027,232 952.9999952316284,232"
            },
            "src": {
                "port": "file",
                "process": "tofile1"
            },
            "tgt": {
                "port": "file",
                "process": "writefile1"
            }
        },
        {
            "metadata": {
                "points": "141,43 184.99999952316284,43 184.99999952316284,256 212.99999904632568,256"
            },
            "src": {
                "port": "file",
                "process": "readfile1"
            },
            "tgt": {
                "port": "spider",
                "process": "scrapy2"
            }
        },
        {
            "metadata": {
                "points": "141,163 168.99999952316284,163 168.99999952316284,274 212.99999904632568,274"
            },
            "src": {
                "port": "file",
                "process": "readfile2"
            },
            "tgt": {
                "port": "pipelines",
                "process": "scrapy2"
            }
        },
        {
            "metadata": {
                "points": "141,283 168.99999952316284,283 168.99999952316284,292 212.99999904632568,292"
            },
            "src": {
                "port": "file",
                "process": "readfile3"
            },
            "tgt": {
                "port": "items",
                "process": "scrapy2"
            }
        },
        {
            "metadata": {
                "points": "141,403 168.99999952316284,403 168.99999952316284,310 212.99999904632568,310"
            },
            "src": {
                "port": "file",
                "process": "readfile4"
            },
            "tgt": {
                "port": "middlewares",
                "process": "scrapy2"
            }
        },
        {
            "metadata": {
                "points": "141,523 184.99999952316284,523 184.99999952316284,328 212.99999904632568,328"
            },
            "src": {
                "port": "file",
                "process": "readfile5"
            },
            "tgt": {
                "port": "settings",
                "process": "scrapy2"
            }
        },
        {
            "metadata": {
                "points": "341.9999990463257,283 369.9999985694885,283 369.9999985694885,232 397.99999809265137,232"
            },
            "src": {
                "port": "log",
                "process": "scrapy2"
            },
            "tgt": {
                "port": "in",
                "process": "wiretap1"
            }
        },
        {
            "metadata": {
                "points": "341.9999990463257,301 369.9999985694885,301 369.9999985694885,361 397.99999809265137,361"
            },
            "src": {
                "port": "data",
                "process": "scrapy2"
            },
            "tgt": {
                "port": "input1",
                "process": "12multiplexer1"
            }
        },
        {
            "metadata": {
                "points": "526.9999980926514,361 554.9999976158142,361 554.9999976158142,352 582.999997138977,352"
            },
            "src": {
                "port": "out2",
                "process": "12multiplexer1"
            },
            "tgt": {
                "port": "data",
                "process": "dftocsv1"
            }
        },
        {
            "metadata": {
                "points": "711.999997138977,361 739.9999966621399,361 739.9999966621399,346 767.9999961853027,346"
            },
            "src": {
                "port": "csv",
                "process": "dftocsv1"
            },
            "tgt": {
                "port": "data",
                "process": "saphanaclient1"
            }
        },
        {
            "metadata": {
                "points": "1081.9999952316284,223 1109.9999947547913,223 1109.9999947547913,295.5000002384186 1137.999994277954,295.5000002384186"
            },
            "src": {
                "port": "file",
                "process": "writefile1"
            },
            "tgt": {
                "port": "data",
                "process": "gate2"
            }
        },
        {
            "metadata": {
                "points": "896.9999961853027,337 924.9999957084656,337 924.9999957084656,370 952.9999952316284,370"
            },
            "src": {
                "port": "result",
                "process": "saphanaclient1"
            },
            "tgt": {
                "port": "data",
                "process": "gate1"
            }
        },
        {
            "metadata": {
                "points": "1451.9999933242798,292 1491.9999933242798,292"
            },
            "src": {
                "port": "output",
                "process": "python3operator1"
            },
            "tgt": {
                "port": "stop",
                "process": "graphterminator1"
            }
        },
        {
            "metadata": {
                "points": "1081.9999952316284,352 1109.9999947547913,352 1109.9999947547913,345.4999997615814 1294.999993801117,345.4999997615814 1294.999993801117,301 1322.9999933242798,301"
            },
            "src": {
                "port": "trigger",
                "process": "gate1"
            },
            "tgt": {
                "port": "input2",
                "process": "python3operator1"
            }
        },
        {
            "metadata": {
                "points": "1266.999994277954,277.5000002384186 1294.999993801117,277.5000002384186 1294.999993801117,283 1322.9999933242798,283"
            },
            "src": {
                "port": "trigger",
                "process": "gate2"
            },
            "tgt": {
                "port": "input1",
                "process": "python3operator1"
            }
        },
        {
            "metadata": {
                "points": "526.9999980926514,343 554.9999976158142,343 554.9999976158142,232 582.999997138977,232"
            },
            "src": {
                "port": "out1",
                "process": "12multiplexer1"
            },
            "tgt": {
                "port": "data",
                "process": "dftojson1"
            }
        },
        {
            "metadata": {
                "points": "711.999997138977,241 802.4999961853027,241"
            },
            "src": {
                "port": "json",
                "process": "dftojson1"
            },
            "tgt": {
                "port": "in",
                "process": "tofile1"
            }
        }
    ],
    "inports": {},
    "outports": {}
}