{
    "description": "scrapy",
    "component": "com.sap.system.python3Operator",
    "inports": [
        {
            "name": "spider",
            "type": "message.file",
            "description": "spider.py file"
        },
        {
            "name": "pipelines",
            "type": "message.file",
            "description": "pipelines.py file"
        },
        {
            "name": "items",
            "type": "message.file",
            "description": "pipelines.py file"
        },
        {
            "name": "middlewares",
            "type": "message.file",
            "description": "middlewares.py file"
        },
        {
            "name": "settings",
            "type": "message.file",
            "description": "settings.py file"
        }
    ],
    "outports": [
        {
            "name": "log",
            "type": "string",
            "description": "logging"
        },
        {
            "name": "data",
            "type": "message.DataFrame",
            "description": "data"
        }
    ],
    "config": {
        "$type": "http://sap.com/vflow/textanalysis.scrapy.configSchema.json",
        "script": "file://scrapy.py",
        "debug_mode": true,
        "spider": "Spiegel_spider",
        "scrapy_dir": "/Users/d051079/OneDrive - SAP SE/GitHub/Docker/scrapy/onlinemedia",
        "project_dir": "onlinemedia"
    },
    "tags": {
        "pandas": "",
        "sdi_utils": "",
        "scrapy": ""
    },
    "iconsrc": "Scrapy.svg"
}