{
    "description": "Text Sentiment Analysis",
    "component": "com.sap.system.python3Operator",
    "inports": [
        {
            "name": "sentiment_list",
            "type": "message.DataFrame",
            "description": "Sentiment list"
        },
        {
            "name": "texts",
            "type": "message.DataFrame",
            "description": "DataFrame with texts"
        }
    ],
    "outports": [
        {
            "name": "log",
            "type": "string",
            "description": "Logging data"
        },
        {
            "name": "data",
            "type": "message.DataFrame",
            "description": "data of sentiments"
        }
    ],
    "config": {
        "$type": "http://sap.com/vflow/textanalysis.text_sentiment.configSchema.json",
        "script": "file://text_sentiment.py",
        "debug_mode": true
    },
    "tags": {
        "sdi_utils": "",
        "textblob": ""
    },
    "iconsrc": "sentiment.svg"
}