{
    "description": "Word Frequency",
    "component": "com.sap.system.python3Operator",
    "inports": [
        {
            "name": "words",
            "type": "message.DataFrame",
            "description": "Message table."
        }
    ],
    "outports": [
        {
            "name": "log",
            "type": "string",
            "description": "Logging data"
        },
        {
            "name": "data",
            "type": "message.DataFrame",
            "description": "Table after regex"
        }
    ],
    "config": {
        "$type": "http://sap.com/vflow/textanalysis.word_frequency.configSchema.json",
        "script": "file://word_frequency.py",
        "debug_mode": true,
        "word_types": "PROPN",
        "language_filter": "None"
    },
    "tags": {
        "sdi_utils": "",
        "pandas": ""
    },
    "iconsrc": "word_frequency.svg"
}